timestamp,rotor_speed_rpm,vibration_mm_s,exhaust_temp_c,fault_label
2024-01-01 00:58:40,3004.29,2.662,456.84,0
2024-01-01 01:54:50,3002.22,2.422,456.12,0
2024-01-01 01:20:50,2992.89,2.78,458.6,0
2024-01-01 01:04:40,3004.75,2.51,458.9,0
2024-01-01 00:05:10,3009.26,1.999,440.26,0
2024-01-01 01:13:40,2989.66,2.554,437.08,0
2024-01-01 00:33:00,3000.29,2.567,443.59,0
2024-01-01 01:10:50,3006.84,1.91,455.14,0
2024-01-01 00:17:50,3000.87,2.184,456.38,0
2024-01-01 01:59:00,2999.81,2.339,453.68,0
2024-01-01 01:32:00,3005.84,2.237,468.71,0
2024-01-01 01:52:30,2996.11,2.403,430.37,0
2024-01-01 00:26:20,2994.04,2.795,462.82,0
2024-01-01 01:19:10,2998.75,2.694,457.22,0
2024-01-01 01:10:30,3004.86,2.248,449.57,0
2024-01-01 02:50:40,2562.5,2.28,448.61,1
2024-01-01 01:42:50,3003.63,2.274,450.82,0
2024-01-01 01:20:30,3001.02,2.38,442.33,0
2024-01-01 02:27:20,3003.41,2.492,422.52,0
2024-01-01 01:48:20,3009.24,2.674,440.92,0
2024-01-01 00:40:40,2994.0,2.305,466.17,0
2024-01-01 02:21:10,3012.28,2.24,441.63,0
2024-01-01 02:43:40,2995.17,2.312,457.32,0
2024-01-01 02:18:00,2997.9,2.47,459.51,0
2024-01-01 01:35:00,3000.09,2.738,450.38,0
2024-01-01 00:09:50,3004.88,2.389,451.94,0
2024-01-01 00:48:20,2998.96,2.617,467.39,0
2024-01-01 00:11:40,3001.81,2.486,459.65,0
2024-01-01 00:57:20,2997.64,2.785,428.47,0
2024-01-01 00:30:40,2998.88,2.203,427.88,0
2024-01-01 00:23:30,3006.54,2.913,450.51,0
2024-01-01 01:05:00,2995.51,2.638,431.54,0
2024-01-01 01:21:50,3007.4,3.267,443.1,0
2024-01-01 02:17:40,3007.9,2.173,462.47,0
2024-01-01 00:16:50,2997.9,1.631,440.98,0
2024-01-01 02:04:50,2992.97,2.8,447.96,0
2024-01-01 01:31:50,2999.22,2.439,431.2,0
2024-01-01 00:51:00,3006.39,2.508,456.07,0
2024-01-01 02:44:20,3007.52,2.718,448.77,0
2024-01-01 00:53:30,3002.98,2.659,457.79,0
2024-01-01 02:13:10,3000.15,2.506,453.01,0
2024-01-01 02:01:40,3000.98,2.433,462.31,0
2024-01-01 01:52:50,3008.76,2.956,434.35,0
2024-01-01 01:48:50,2994.47,2.394,460.31,0
2024-01-01 00:12:40,3000.44,2.033,456.16,0
2024-01-01 00:32:00,3001.07,2.32,470.24,0
2024-01-01 00:14:20,3004.58,2.809,444.92,0
2024-01-01 01:16:20,2997.23,2.887,455.0,0
2024-01-01 02:54:40,3002.13,0.441,448.89,1
2024-01-01 02:33:00,2997.77,2.45,450.98,0
2024-01-01 02:47:10,3009.44,19.014,460.71,1
2024-01-01 00:51:30,2998.99,2.642,458.88,0
2024-01-01 02:03:50,3000.13,2.849,455.58,0
2024-01-01 02:25:30,2996.35,2.734,444.15,0
2024-01-01 01:06:20,2999.43,2.86,452.07,0
2024-01-01 01:42:40,3000.55,2.59,442.66,0
2024-01-01 00:08:10,2991.18,2.914,451.55,0
2024-01-01 00:33:10,2994.29,2.909,454.88,0
2024-01-01 01:39:40,2997.78,2.506,462.0,0
2024-01-01 02:41:30,2992.85,2.84,452.7,0
2024-01-01 02:27:00,2997.55,2.13,443.93,0
2024-01-01 01:11:20,3005.29,2.434,461.24,0
2024-01-01 01:22:50,2999.05,2.863,447.2,0
2024-01-01 01:40:30,3006.78,2.26,438.1,0
2024-01-01 00:01:40,2997.68,2.895,433.92,0
2024-01-01 02:28:00,3002.95,2.358,446.15,0
2024-01-01 01:51:40,3006.23,2.428,443.03,0
2024-01-01 02:36:10,3003.54,2.64,447.7,0
2024-01-01 02:34:40,3007.83,2.83,465.78,0
2024-01-01 01:32:50,2997.84,2.259,450.03,0
2024-01-01 01:46:00,3004.12,2.213,451.91,0
2024-01-01 02:18:50,2996.16,2.586,447.26,0
2024-01-01 01:01:50,3002.49,3.014,444.52,0
2024-01-01 02:19:00,2999.83,2.316,447.57,0
2024-01-01 01:37:00,3003.16,2.195,449.47,0
2024-01-01 00:55:30,2996.61,2.947,446.43,0
2024-01-01 02:37:30,2994.65,2.389,438.52,0
2024-01-01 00:35:00,3002.85,2.127,437.5,0
2024-01-01 02:49:50,2702.59,2.708,466.55,1
2024-01-01 01:16:10,2994.82,2.614,452.39,0
2024-01-01 00:14:40,2997.35,2.422,445.47,0
2024-01-01 02:26:30,3005.94,2.258,448.13,0
2024-01-01 00:58:20,3001.55,2.149,460.6,0
2024-01-01 00:36:20,2997.57,2.249,471.0,0
2024-01-01 01:08:50,3006.39,3.15,440.82,0
2024-01-01 00:46:10,2997.0,2.618,438.51,0
2024-01-01 02:39:50,3002.24,2.567,438.94,0
2024-01-01 02:34:10,2992.38,2.224,452.52,0
2024-01-01 00:35:30,3003.26,2.768,445.48,0
2024-01-01 00:16:00,3001.48,2.524,456.7,0
2024-01-01 00:13:00,3000.46,2.95,448.61,0
2024-01-01 01:57:10,2992.96,2.833,460.24,0
2024-01-01 00:22:40,2996.08,2.857,451.02,0
2024-01-01 00:34:40,3002.58,2.079,446.87,0
2024-01-01 01:27:00,2996.69,2.432,453.67,0
2024-01-01 02:19:30,2995.01,2.533,466.26,0
2024-01-01 02:02:00,3002.04,2.494,455.63,0
2024-01-01 01:34:40,2990.65,2.031,458.58,0
2024-01-01 00:43:20,2995.37,2.667,454.37,0
2024-01-01 01:17:50,3003.79,2.618,450.38,0
2024-01-01 00:06:30,3000.98,2.814,432.31,0
2024-01-01 00:05:00,2996.99,2.423,458.07,0
2024-01-01 01:56:10,2993.74,2.297,436.88,0
2024-01-01 01:15:10,3004.78,3.011,441.68,0
2024-01-01 00:09:00,3005.15,2.335,436.54,0
2024-01-01 00:03:50,2992.88,3.143,436.91,0
2024-01-01 02:47:50,2992.26,2.561,262.61,1
2024-01-01 00:18:50,3012.32,2.649,439.98,0
2024-01-01 00:18:10,2999.63,3.074,456.03,0
2024-01-01 01:24:20,2997.04,2.709,479.49,0
2024-01-01 02:41:00,2996.62,2.441,453.53,0
2024-01-01 02:38:10,3001.22,2.485,433.7,0
2024-01-01 00:00:30,3007.62,2.306,446.92,0
2024-01-01 00:45:50,3002.31,2.543,439.14,0
2024-01-01 01:49:20,3000.07,2.551,439.08,0
2024-01-01 02:10:40,3002.8,2.525,445.13,0
2024-01-01 02:22:20,3007.1,2.8,462.18,0
2024-01-01 02:06:30,3003.5,2.894,456.23,0
2024-01-01 02:12:40,2999.8,2.404,455.73,0
2024-01-01 02:51:20,2997.45,0.107,450.73,1
2024-01-01 01:05:40,3005.9,2.39,449.17,0
2024-01-01 01:21:00,2996.77,2.074,446.13,0
2024-01-01 01:42:20,3012.23,2.446,455.99,0
2024-01-01 02:26:10,3001.12,2.437,443.32,0
2024-01-01 00:29:00,3001.38,2.274,441.65,0
2024-01-01 02:32:50,3000.93,2.314,456.69,0
2024-01-01 00:09:40,3001.66,2.663,452.63,0
2024-01-01 00:44:10,2993.76,2.076,461.93,0
2024-01-01 00:10:30,2994.02,1.978,448.97,0
2024-01-01 02:11:30,2991.7,2.902,451.81,0
2024-01-01 00:43:30,2999.7,2.523,454.04,0
2024-01-01 00:16:40,2992.92,2.799,453.76,0
2024-01-01 02:54:20,3005.8,2.813,611.47,1
2024-01-01 00:49:50,3003.15,2.597,434.97,0
2024-01-01 01:42:30,3000.65,3.458,456.68,0
2024-01-01 00:29:40,2998.68,2.203,470.24,0
2024-01-01 02:35:30,2989.01,2.468,459.55,0
2024-01-01 02:09:40,2999.63,2.371,449.38,0
2024-01-01 00:23:10,2993.85,2.71,435.32,0
2024-01-01 02:13:50,2997.69,2.046,439.96,0
2024-01-01 00:28:00,2998.77,2.678,447.66,0
2024-01-01 00:11:00,2999.64,2.112,425.61,0
2024-01-01 00:42:40,3006.33,3.002,458.87,0
2024-01-01 00:11:10,3005.02,2.848,448.66,0
2024-01-01 02:51:10,3002.25,0.251,463.18,1
2024-01-01 00:02:00,3001.21,3.123,442.31,0
2024-01-01 01:28:30,2991.69,1.969,440.74,0
2024-01-01 00:53:10,2999.35,2.444,439.0,0
2024-01-01 02:44:00,2999.98,2.786,433.45,0
2024-01-01 02:24:20,3001.43,2.81,441.61,0
2024-01-01 01:36:00,3001.18,2.015,464.64,0
2024-01-01 00:55:40,3004.88,2.545,458.9,0
2024-01-01 00:47:40,2999.24,1.949,457.83,0
2024-01-01 02:31:50,3001.1,3.169,453.58,0
2024-01-01 00:53:50,3010.46,2.646,466.74,0
2024-01-01 02:28:20,3004.1,2.664,451.41,0
2024-01-01 01:29:20,2995.7,2.654,459.76,0
2024-01-01 01:55:20,2994.59,2.761,449.61,0
2024-01-01 01:48:10,3003.48,3.277,459.02,0
2024-01-01 01:28:00,3001.3,2.353,470.57,0
2024-01-01 01:25:30,2995.46,1.94,447.45,0
2024-01-01 01:37:30,3001.24,2.708,443.74,0
2024-01-01 00:00:20,3003.24,2.518,442.08,0
2024-01-01 01:14:10,3003.35,2.305,452.63,0
2024-01-01 00:39:30,3000.93,2.334,440.46,0
2024-01-01 01:22:30,3002.69,3.102,458.13,0
2024-01-01 02:10:10,2993.32,2.475,443.5,0
2024-01-01 00:54:30,3003.96,2.457,446.13,0
2024-01-01 01:31:10,2998.98,2.591,444.35,0
2024-01-01 02:23:00,2997.24,2.587,461.8,0
2024-01-01 01:28:10,2995.48,2.164,438.69,0
2024-01-01 00:57:40,2992.76,1.734,445.21,0
2024-01-01 02:49:30,3281.15,2.506,442.44,1
2024-01-01 01:37:10,3011.35,2.519,462.24,0
2024-01-01 01:38:50,3001.67,2.771,450.58,0
2024-01-01 01:37:50,2995.75,2.39,447.97,0
2024-01-01 00:51:20,3002.74,2.826,455.35,0
2024-01-01 02:53:10,2998.97,20.831,447.32,1
2024-01-01 02:45:30,2996.59,2.712,447.88,0
2024-01-01 00:38:30,3001.08,2.089,457.91,0
2024-01-01 01:44:50,3005.47,2.756,445.21,0
2024-01-01 01:40:10,2995.39,2.912,456.2,0
2024-01-01 01:50:20,2999.84,1.863,455.97,0
2024-01-01 02:48:10,3404.13,2.381,431.3,1
2024-01-01 02:32:30,3001.4,2.337,468.49,0
2024-01-01 00:52:20,3006.53,2.503,456.66,0
2024-01-01 00:17:40,3009.43,2.684,440.99,0
2024-01-01 02:17:10,2998.19,2.305,435.95,0
2024-01-01 00:09:10,3004.66,2.299,441.81,0
2024-01-01 00:20:00,3003.96,2.832,474.13,0
2024-01-01 01:01:40,3000.12,2.448,448.44,0
2024-01-01 00:04:10,3000.55,2.631,451.84,0
2024-01-01 00:12:00,2999.82,2.523,450.89,0
2024-01-01 02:50:00,3453.27,2.119,445.16,1
2024-01-01 00:07:20,2992.61,2.448,441.78,0
2024-01-01 00:49:20,3004.5,2.776,454.18,0
2024-01-01 00:54:40,3003.12,2.137,456.96,0
2024-01-01 00:41:10,2996.73,2.269,436.7,0
2024-01-01 00:56:00,2995.87,2.316,455.01,0
2024-01-01 00:58:30,3007.38,1.959,456.17,0
2024-01-01 01:00:10,3007.66,2.674,436.47,0
2024-01-01 02:46:50,2995.7,2.287,279.55,1
2024-01-01 02:40:00,3003.21,2.484,441.75,0
2024-01-01 01:10:00,3010.3,2.661,460.47,0
2024-01-01 01:03:30,2997.0,2.354,440.43,0
2024-01-01 01:55:40,3002.97,2.538,453.34,0
2024-01-01 01:29:50,2997.12,1.638,450.55,0
2024-01-01 01:14:50,2994.7,2.506,443.09,0
2024-01-01 01:43:40,3009.41,2.776,450.84,0
2024-01-01 00:34:50,3019.26,3.025,449.99,0
2024-01-01 01:32:20,3001.69,2.432,441.32,0
2024-01-01 02:48:40,2993.56,2.472,659.88,1
2024-01-01 01:20:10,2995.22,2.388,467.19,0
2024-01-01 01:12:00,2998.65,2.758,449.76,0
2024-01-01 01:44:20,2995.05,2.366,464.03,0
2024-01-01 00:10:00,2997.6,2.732,458.51,0
2024-01-01 01:43:30,3002.36,2.069,457.89,0
2024-01-01 02:05:50,3013.16,2.912,445.48,0
2024-01-01 00:15:20,2996.49,2.718,456.22,0
2024-01-01 02:30:10,2998.03,2.4,445.76,0
2024-01-01 01:17:00,2996.5,2.437,454.82,0
2024-01-01 01:51:00,2998.73,2.2,458.48,0
2024-01-01 02:42:40,2997.74,2.837,462.64,0
2024-01-01 01:19:30,3001.56,2.626,464.53,0
2024-01-01 00:55:20,3000.38,2.436,434.82,0
2024-01-01 02:36:20,3001.22,2.826,433.61,0
2024-01-01 01:56:40,2997.39,2.605,453.87,0
2024-01-01 01:17:20,2999.44,2.326,458.69,0
2024-01-01 00:59:10,2994.99,1.723,452.61,0
2024-01-01 01:00:20,2999.46,2.536,434.78,0
2024-01-01 00:52:00,3004.13,2.917,452.3,0
2024-01-01 00:53:00,3001.62,2.317,444.42,0
2024-01-01 02:48:50,2993.01,2.341,658.04,1
2024-01-01 01:03:20,2995.8,2.703,440.36,0
2024-01-01 00:30:20,2994.65,2.775,448.2,0
2024-01-01 01:59:20,3000.57,2.6,456.26,0
2024-01-01 00:18:20,2990.41,2.443,444.56,0
2024-01-01 01:28:20,3003.19,2.542,454.74,0
2024-01-01 01:02:50,3000.92,2.812,436.74,0
2024-01-01 01:58:50,3002.0,2.754,436.01,0
2024-01-01 02:25:20,2993.1,2.408,429.13,0
2024-01-01 02:36:30,2997.18,2.529,446.08,0
2024-01-01 02:01:50,2995.11,2.395,466.85,0
2024-01-01 00:48:40,2997.05,2.498,450.85,0
2024-01-01 01:12:40,3008.14,2.425,448.69,0
2024-01-01 02:19:10,3001.17,2.608,447.0,0
2024-01-01 00:51:10,2997.04,2.497,448.17,0
2024-01-01 00:48:10,2996.89,1.854,464.22,0
2024-01-01 02:41:20,2999.8,2.442,431.79,0
2024-01-01 00:35:50,3003.79,2.874,452.66,0
2024-01-01 01:45:00,2991.54,2.645,452.97,0
2024-01-01 00:46:40,3000.57,2.54,432.74,0
2024-01-01 01:52:10,2998.14,2.223,444.61,0
2024-01-01 01:15:00,2999.69,2.593,440.84,0
2024-01-01 00:49:40,3004.06,2.58,456.5,0
2024-01-01 02:10:50,3005.4,2.063,446.48,0
2024-01-01 00:22:50,2998.39,2.132,465.49,0
2024-01-01 00:50:50,3000.59,2.23,481.1,0
2024-01-01 02:14:30,2997.61,2.653,441.67,0
2024-01-01 00:49:00,3001.79,2.525,441.7,0
2024-01-01 01:39:50,3001.89,2.282,445.08,0
2024-01-01 01:36:50,2997.92,2.845,453.89,0
2024-01-01 00:04:50,2998.54,2.193,445.08,0
2024-01-01 00:27:30,3002.06,3.232,439.85,0
2024-01-01 00:41:20,3008.83,2.57,448.11,0
2024-01-01 00:51:40,2998.91,2.492,446.79,0
2024-01-01 01:54:10,3003.56,2.856,453.16,0
2024-01-01 02:20:30,3001.91,2.528,438.32,0
2024-01-01 00:57:00,3001.22,2.631,454.92,0
2024-01-01 01:40:50,3009.38,2.214,448.15,0
2024-01-01 01:27:40,2991.86,3.065,454.2,0
2024-01-01 00:10:50,3006.78,2.164,444.17,0
2024-01-01 01:45:10,3007.65,2.246,454.63,0
2024-01-01 02:28:30,3002.54,2.502,428.69,0
2024-01-01 00:42:20,2992.4,2.868,437.48,0
2024-01-01 01:59:40,2998.18,2.713,444.08,0
2024-01-01 02:08:20,3003.54,2.513,447.94,0
2024-01-01 00:36:50,2990.66,2.593,443.52,0
2024-01-01 00:39:10,3003.17,2.992,457.31,0
2024-01-01 01:11:30,2991.21,2.417,446.66,0
2024-01-01 01:30:30,3007.21,2.363,446.92,0
2024-01-01 01:13:20,3001.92,2.699,467.5,0
2024-01-01 01:38:00,3004.15,2.252,442.0,0
2024-01-01 02:42:00,3004.2,2.697,436.32,0
2024-01-01 00:41:30,3002.02,2.033,459.22,0
2024-01-01 01:36:20,2992.61,2.28,452.81,0
2024-01-01 01:08:10,3002.57,2.425,438.52,0
2024-01-01 00:11:50,3007.69,2.643,462.36,0
2024-01-01 00:15:40,2998.04,2.72,460.39,0
2024-01-01 00:05:30,2994.71,2.694,455.05,0
2024-01-01 01:47:20,2998.77,2.181,439.1,0
2024-01-01 00:43:10,3003.87,2.483,451.99,0
2024-01-01 00:34:00,2993.11,2.515,440.44,0
2024-01-01 02:13:00,3000.14,2.823,446.4,0
2024-01-01 01:43:20,2996.05,2.534,457.05,0
2024-01-01 01:00:50,2997.99,2.452,465.34,0
2024-01-01 00:12:50,2998.5,2.372,462.04,0
2024-01-01 00:14:00,2995.96,2.615,444.49,0
2024-01-01 02:45:40,2994.99,2.605,440.48,0
2024-01-01 00:13:40,3007.39,2.404,435.56,0
2024-01-01 01:27:30,2990.98,2.827,454.83,0
2024-01-01 01:13:10,2999.72,2.72,433.93,0
2024-01-01 01:34:30,2994.96,2.655,456.51,0
2024-01-01 01:33:20,3001.45,2.494,439.86,0
2024-01-01 01:30:20,3002.65,2.998,447.83,0
2024-01-01 02:27:50,2998.2,2.627,463.88,0
2024-01-01 00:55:10,2995.51,2.866,449.28,0
2024-01-01 00:00:50,2998.83,2.618,452.13,0
2024-01-01 01:19:50,3005.6,2.369,456.93,0
2024-01-01 00:17:20,2999.19,2.832,438.11,0
2024-01-01 00:16:10,3001.31,1.901,439.28,0
2024-01-01 02:18:40,2994.98,2.786,465.63,0
2024-01-01 02:11:10,3002.3,2.274,437.04,0
2024-01-01 01:10:40,3003.23,2.187,434.69,0
2024-01-01 02:35:40,3002.2,3.293,458.76,0
2024-01-01 00:46:50,3003.31,2.454,443.22,0
2024-01-01 00:44:20,3008.16,2.467,432.21,0
2024-01-01 01:29:00,2996.74,2.36,445.83,0
2024-01-01 01:15:30,3002.52,3.281,442.84,0
2024-01-01 00:59:50,2995.86,2.555,454.09,0
2024-01-01 01:21:40,2999.96,2.334,449.86,0
2024-01-01 02:45:10,2989.79,2.726,456.02,0
2024-01-01 02:16:00,3001.34,1.854,454.82,0
2024-01-01 00:19:40,3005.71,2.56,424.38,0
2024-01-01 01:45:40,2994.94,2.4,467.0,0
2024-01-01 00:41:40,2993.7,2.599,448.72,0
2024-01-01 01:07:30,3003.11,2.273,463.4,0
2024-01-01 01:59:30,3000.75,2.557,458.85,0
2024-01-01 01:57:20,2992.22,2.623,452.49,0
2024-01-01 00:01:30,3002.71,2.339,459.38,0
2024-01-01 02:23:10,3003.16,2.578,451.94,0
2024-01-01 00:32:40,2995.58,2.494,454.26,0
2024-01-01 01:48:40,2998.66,2.558,455.11,0
2024-01-01 00:13:30,3001.79,2.395,456.01,0
2024-01-01 01:14:30,2995.3,2.676,447.66,0
2024-01-01 01:28:50,2993.94,2.456,440.81,0
2024-01-01 01:51:20,2986.75,2.752,455.52,0
2024-01-01 00:39:50,3004.26,2.989,456.86,0
2024-01-01 01:08:30,2994.38,2.667,465.38,0
2024-01-01 00:35:10,3005.68,2.292,456.05,0
2024-01-01 02:08:50,3004.86,2.558,434.51,0
2024-01-01 01:30:50,2996.02,2.641,454.33,0
2024-01-01 01:26:30,3003.76,3.056,441.49,0
2024-01-01 00:37:50,2994.61,2.456,444.0,0
2024-01-01 02:33:40,3000.66,2.178,448.05,0
2024-01-01 01:07:20,2997.75,2.799,466.73,0
2024-01-01 02:28:10,3005.54,2.496,453.83,0
2024-01-01 00:29:30,3007.27,2.47,451.85,0
2024-01-01 02:47:40,3002.43,18.785,437.07,1
2024-01-01 01:17:30,2998.9,2.677,458.87,0
2024-01-01 01:11:40,2994.08,2.592,455.65,0
2024-01-01 01:28:40,2999.67,2.597,455.56,0
2024-01-01 01:55:50,2998.45,3.082,464.31,0
2024-01-01 01:19:40,3015.39,2.234,436.61,0
2024-01-01 01:54:40,3003.55,2.585,457.57,0
2024-01-01 00:01:10,3003.84,2.691,441.83,0
2024-01-01 00:25:50,2996.43,2.803,443.84,0
2024-01-01 00:59:30,2998.56,2.618,451.43,0
2024-01-01 01:37:20,3000.91,2.629,460.96,0
2024-01-01 00:37:10,2991.94,2.624,448.19,0
2024-01-01 00:54:50,3003.14,2.68,458.49,0
2024-01-01 01:45:30,2997.87,2.809,453.11,0
2024-01-01 02:17:00,3011.49,2.433,449.51,0
2024-01-01 02:24:40,3003.29,2.173,455.35,0
2024-01-01 01:41:50,2999.72,2.031,438.62,0
2024-01-01 02:53:30,2697.36,2.728,428.73,1
2024-01-01 02:04:20,3000.93,2.793,452.41,0
2024-01-01 02:47:30,2993.32,15.225,453.61,1
2024-01-01 02:14:50,2995.53,2.769,444.5,0
2024-01-01 01:22:20,3007.62,2.963,437.43,0
2024-01-01 01:35:20,3001.63,2.588,447.0,0
2024-01-01 01:44:40,3000.28,2.52,445.57,0
2024-01-01 02:07:00,3012.8,2.523,458.95,0
2024-01-01 02:39:40,3002.85,2.817,461.36,0
2024-01-01 00:27:10,2995.9,2.006,461.4,0
2024-01-01 00:38:00,2996.42,2.789,431.33,0
2024-01-01 01:27:10,3002.85,2.212,446.86,0
2024-01-01 02:11:00,3004.17,2.407,442.3,0
2024-01-01 00:35:20,3004.77,2.284,458.82,0
2024-01-01 02:17:30,3007.27,2.633,467.04,0
2024-01-01 00:13:10,2990.06,2.755,445.5,0
2024-01-01 00:24:40,3002.61,2.978,448.97,0
2024-01-01 00:50:20,3003.74,2.448,446.16,0
2024-01-01 01:14:40,2997.43,2.871,442.16,0
2024-01-01 01:23:30,3009.55,2.335,459.68,0
2024-01-01 01:31:20,3001.86,2.73,460.21,0
2024-01-01 02:20:10,3003.37,1.935,434.83,0
2024-01-01 00:07:10,2998.49,2.488,451.52,0
2024-01-01 01:22:10,2995.69,2.555,464.44,0
2024-01-01 00:22:10,3002.37,2.636,455.92,0
2024-01-01 01:39:00,3005.19,1.791,458.48,0
2024-01-01 00:51:50,3005.49,2.745,467.95,0
2024-01-01 01:24:30,2995.68,2.787,462.45,0
2024-01-01 01:49:10,3000.3,2.411,458.55,0
2024-01-01 01:26:00,3002.5,2.954,450.86,0
2024-01-01 02:21:30,2997.35,2.628,444.61,0
2024-01-01 02:15:10,2997.8,2.544,443.64,0
2024-01-01 00:00:00,3002.48,2.92,443.25,0
2024-01-01 02:10:20,3001.9,2.049,437.97,0
2024-01-01 01:03:40,2989.38,3.147,453.44,0
2024-01-01 00:52:40,3003.41,2.18,458.39,0
2024-01-01 02:06:50,3000.61,2.723,441.96,0
2024-01-01 01:38:30,2997.61,1.624,445.43,0
2024-01-01 01:08:00,3000.6,2.403,458.11,0
2024-01-01 02:36:50,3004.36,2.383,445.34,0
2024-01-01 02:47:20,3002.78,3.02,256.57,1
2024-01-01 02:05:00,2995.38,1.689,467.55,0
2024-01-01 00:28:40,2999.61,2.531,446.8,0
2024-01-01 00:20:50,3010.95,2.156,455.47,0
2024-01-01 01:56:00,3001.63,2.2,460.82,0
2024-01-01 01:23:10,2993.09,2.678,453.4,0
2024-01-01 01:39:20,2998.65,2.686,443.93,0
2024-01-01 02:41:50,2996.59,1.618,449.31,0
2024-01-01 00:15:00,3000.49,2.479,453.27,0
2024-01-01 02:48:20,3445.76,2.595,438.38,1
2024-01-01 00:30:10,2995.71,2.918,446.43,0
2024-01-01 01:00:30,3002.01,2.208,461.13,0
2024-01-01 00:45:40,2995.09,2.864,439.13,0
2024-01-01 02:05:20,2995.12,2.304,445.34,0
2024-01-01 02:40:20,3000.98,2.656,444.71,0
2024-01-01 00:11:30,2996.77,2.604,459.26,0
2024-01-01 00:48:30,2997.53,3.248,459.79,0
2024-01-01 00:21:50,3000.34,2.627,450.2,0
2024-01-01 00:50:00,2995.86,2.3,460.52,0
2024-01-01 01:58:40,2997.28,1.848,455.0,0
2024-01-01 00:54:20,3005.79,2.218,439.08,0
2024-01-01 00:24:00,3001.3,2.448,447.77,0
2024-01-01 02:46:40,3452.97,2.088,442.93,1
2024-01-01 02:40:30,3003.55,2.694,439.43,0
2024-01-01 02:27:40,3002.92,2.257,444.74,0
2024-01-01 00:22:30,3007.75,2.789,444.26,0
2024-01-01 02:46:00,3008.99,2.492,452.58,0
2024-01-01 02:00:20,2993.26,2.722,439.41,0
2024-01-01 00:27:20,3004.82,2.807,465.81,0
2024-01-01 00:04:40,2997.0,2.684,452.1,0
2024-01-01 01:53:10,3006.36,2.371,447.37,0
2024-01-01 00:32:10,2993.77,2.596,436.37,0
2024-01-01 02:30:20,3000.14,2.852,444.3,0
2024-01-01 02:15:30,3000.98,2.769,446.79,0
2024-01-01 01:12:10,3003.59,2.325,448.26,0
2024-01-01 02:44:30,3004.39,2.655,450.93,0
2024-01-01 00:28:10,2996.23,2.756,454.66,0
2024-01-01 01:30:10,2994.35,3.032,437.41,0
2024-01-01 00:23:20,3001.14,2.411,451.65,0
2024-01-01 00:28:50,3001.71,2.481,451.52,0
2024-01-01 00:01:00,3007.9,2.769,450.01,0
2024-01-01 02:16:40,2997.41,2.461,447.21,0
2024-01-01 01:29:10,3000.24,2.022,447.05,0
2024-01-01 02:40:10,3006.65,2.586,443.91,0
2024-01-01 02:22:30,2997.15,2.299,444.87,0
2024-01-01 00:12:10,3007.82,2.115,451.97,0
2024-01-01 02:02:50,3004.91,2.18,453.42,0
2024-01-01 01:27:50,3000.24,2.963,456.07,0
2024-01-01 00:39:40,2996.69,2.671,445.93,0
2024-01-01 00:24:10,3003.91,2.505,464.9,0
2024-01-01 02:22:00,2996.81,2.142,438.95,0
2024-01-01 00:39:00,3010.72,2.259,437.89,0
2024-01-01 00:36:40,3011.57,2.144,446.42,0
2024-01-01 00:35:40,2998.42,2.412,445.3,0
2024-01-01 01:58:30,2999.52,2.464,465.32,0
2024-01-01 00:22:00,2994.69,2.984,456.73,0
2024-01-01 02:54:30,2998.32,2.675,677.67,1
2024-01-01 02:31:00,2993.2,2.029,445.84,0
2024-01-01 01:57:50,3008.77,3.07,450.24,0
2024-01-01 01:10:20,2998.76,2.391,447.71,0
2024-01-01 00:30:50,3003.57,2.782,465.33,0
2024-01-01 00:06:50,3000.86,2.362,445.91,0
2024-01-01 02:07:50,3008.85,2.447,454.55,0
2024-01-01 00:18:00,3001.29,2.313,446.71,0
2024-01-01 01:45:50,2991.73,2.379,460.72,0
2024-01-01 00:09:20,2995.8,2.492,445.24,0
2024-01-01 01:20:20,2991.97,3.018,469.93,0
2024-01-01 02:05:30,3005.27,1.951,448.49,0
2024-01-01 02:12:10,2993.62,2.701,440.73,0
2024-01-01 01:18:00,2997.35,2.141,456.83,0
2024-01-01 02:34:20,2997.21,1.741,448.84,0
2024-01-01 01:12:30,3000.37,2.585,446.3,0
2024-01-01 00:04:00,2997.28,3.018,419.8,0
2024-01-01 01:31:30,2996.98,2.868,470.88,0
2024-01-01 01:26:20,3000.5,2.193,447.7,0
2024-01-01 02:54:50,3005.99,20.451,441.03,1
2024-01-01 01:51:10,3007.52,2.349,437.67,0
2024-01-01 02:50:10,2997.68,3.011,646.05,1
2024-01-01 02:46:10,3003.2,2.235,437.58,0
2024-01-01 00:56:20,3002.06,2.384,450.07,0
2024-01-01 00:08:30,2998.07,2.619,441.33,0
2024-01-01 01:03:50,2997.37,2.318,449.51,0
2024-01-01 02:23:30,2992.42,2.743,454.84,0
2024-01-01 02:44:50,3000.13,2.63,474.12,0
2024-01-01 01:53:40,2997.38,2.229,446.71,0
2024-01-01 02:45:50,2998.59,2.821,450.77,0
2024-01-01 00:44:00,2998.74,2.551,456.8,0
2024-01-01 01:58:00,2989.59,2.46,446.49,0
2024-01-01 02:07:30,2996.48,2.247,458.2,0
2024-01-01 02:02:40,3001.28,2.184,446.65,0
2024-01-01 01:14:00,2993.48,2.62,444.97,0
2024-01-01 01:05:50,2997.65,2.555,435.5,0
2024-01-01 01:33:00,3001.97,2.948,453.28,0
2024-01-01 00:29:20,3000.07,1.992,433.92,0
2024-01-01 00:03:00,2995.46,2.404,456.35,0
2024-01-01 02:43:10,3003.8,2.622,452.0,0
2024-01-01 01:29:40,3005.03,2.149,437.54,0
2024-01-01 01:42:10,2994.37,2.477,449.93,0
2024-01-01 01:38:20,3000.36,2.178,462.37,0
2024-01-01 01:01:10,3000.06,2.22,432.93,0
2024-01-01 00:13:50,2997.41,3.123,427.04,0
2024-01-01 00:10:10,2999.07,1.645,448.63,0
2024-01-01 01:25:40,2997.12,2.475,448.75,0
2024-01-01 00:45:20,3005.82,2.172,443.24,0
2024-01-01 00:47:30,2990.24,2.101,454.62,0
2024-01-01 01:00:00,3002.6,2.495,439.71,0
2024-01-01 00:59:00,2999.9,2.327,462.12,0
2024-01-01 02:38:30,3001.76,2.879,457.77,0
2024-01-01 00:46:20,3000.35,2.558,456.66,0
2024-01-01 01:01:20,3000.49,2.367,438.83,0
2024-01-01 01:50:40,2996.44,2.889,454.63,0
2024-01-01 01:43:00,3002.41,2.372,454.57,0
2024-01-01 01:38:10,2995.72,2.526,449.36,0
2024-01-01 01:49:30,2999.88,2.895,458.9,0
2024-01-01 02:49:40,2997.74,18.692,460.49,1
2024-01-01 01:16:00,2999.46,2.726,444.2,0
2024-01-01 01:05:30,3009.16,2.541,443.5,0
2024-01-01 01:54:00,2993.89,2.146,453.35,0
2024-01-01 02:00:30,3003.72,2.685,464.82,0
2024-01-01 01:02:30,2996.16,2.437,464.48,0
2024-01-01 01:08:40,2992.33,2.637,438.77,0
2024-01-01 00:12:20,2986.9,2.799,443.82,0
2024-01-01 02:37:50,2996.54,2.491,420.09,0
2024-01-01 01:23:20,3004.63,2.734,455.71,0
2024-01-01 01:40:40,3002.07,2.355,443.76,0
2024-01-01 00:19:00,2999.04,2.545,457.41,0
2024-01-01 01:09:30,3000.58,2.581,453.41,0
2024-01-01 00:14:50,3002.57,2.441,464.52,0
2024-01-01 02:45:00,3001.04,2.74,465.16,0
2024-01-01 02:35:20,2992.76,2.36,441.11,0
2024-01-01 02:25:40,2999.83,2.893,449.69,0
2024-01-01 01:50:00,2997.13,2.895,438.24,0
2024-01-01 00:01:50,2997.67,2.559,442.37,0
2024-01-01 01:06:00,2991.43,2.096,440.78,0
2024-01-01 01:35:50,2988.94,2.489,438.88,0
2024-01-01 00:07:00,2999.42,2.824,444.76,0
2024-01-01 00:27:50,3009.48,2.669,437.42,0
2024-01-01 01:09:20,3007.76,2.517,455.51,0
2024-01-01 02:41:10,3009.0,2.455,444.3,0
2024-01-01 01:11:00,2995.18,3.117,455.72,0
2024-01-01 01:30:40,2987.64,2.319,474.27,0
2024-01-01 02:38:00,2999.77,2.838,448.13,0
2024-01-01 02:51:40,2705.12,2.86,449.11,1
2024-01-01 02:30:40,3000.96,2.468,434.83,0
2024-01-01 01:50:10,2997.27,2.465,441.05,0
2024-01-01 00:42:50,2996.46,2.626,445.79,0
2024-01-01 00:55:50,2999.26,2.399,455.75,0
2024-01-01 00:02:30,2997.19,2.559,448.06,0
2024-01-01 01:53:00,3004.68,2.799,450.95,0
2024-01-01 00:54:00,2994.97,2.519,449.94,0
2024-01-01 02:16:10,3004.45,2.284,453.69,0
2024-01-01 00:37:00,3003.43,2.69,457.44,0
2024-01-01 00:29:50,3013.6,2.169,450.07,0
2024-01-01 00:16:30,2998.83,2.604,458.18,0
2024-01-01 01:26:50,3002.72,2.675,479.85,0
2024-01-01 00:03:40,3000.34,2.493,463.61,0
2024-01-01 00:59:20,2999.91,2.336,446.31,0
2024-01-01 02:00:00,3001.54,2.654,469.54,0
2024-01-01 02:34:30,3001.89,2.414,452.15,0
2024-01-01 02:06:10,3000.92,2.786,442.42,0
2024-01-01 00:56:40,2995.89,2.548,456.99,0
2024-01-01 01:11:50,2989.8,2.745,439.8,0
2024-01-01 01:39:10,2997.45,2.197,427.53,0
2024-01-01 02:29:40,3006.03,2.668,447.13,0
2024-01-01 00:33:50,3005.27,2.663,437.07,0
2024-01-01 02:06:40,2997.12,2.992,456.3,0
2024-01-01 00:15:30,2998.36,2.516,438.61,0
2024-01-01 01:40:20,3004.35,2.306,443.65,0
2024-01-01 00:11:20,3001.81,2.36,464.23,0
2024-01-01 02:38:50,3007.22,2.304,465.21,0
2024-01-01 00:47:20,3010.67,2.264,445.36,0
2024-01-01 02:24:10,2998.06,2.001,446.92,0
2024-01-01 01:12:20,3007.51,2.45,452.25,0
2024-01-01 00:25:30,3001.16,2.103,452.31,0
2024-01-01 00:12:30,3004.11,2.352,446.84,0
2024-01-01 02:11:20,2999.65,2.596,445.44,0
2024-01-01 01:36:40,3001.69,2.56,453.72,0
2024-01-01 01:14:20,3001.83,2.341,452.94,0
2024-01-01 00:31:20,2995.77,2.665,445.71,0
2024-01-01 00:45:10,2992.82,2.683,445.13,0
2024-01-01 00:39:20,2989.87,3.003,450.14,0
2024-01-01 01:21:10,2994.59,1.972,449.55,0
2024-01-01 01:33:10,2997.9,2.419,459.24,0
2024-01-01 00:19:30,2994.16,2.483,440.06,0
2024-01-01 02:26:40,3012.63,2.789,427.62,0
2024-01-01 01:25:20,2998.81,2.285,455.49,0
2024-01-01 01:39:30,2995.11,3.117,452.11,0
2024-01-01 01:47:10,2992.48,2.636,443.48,0
2024-01-01 00:21:00,2995.05,2.591,438.19,0
2024-01-01 00:19:20,2999.83,3.221,447.71,0
2024-01-01 01:18:50,3006.83,2.504,436.19,0
2024-01-01 02:52:00,3002.27,16.593,432.69,1
2024-01-01 00:09:30,2998.45,2.852,458.74,0
2024-01-01 02:01:20,2997.3,2.61,442.58,0
2024-01-01 02:43:20,3003.93,2.209,452.64,0
2024-01-01 01:01:30,2996.13,2.235,462.36,0
2024-01-01 00:44:40,2997.8,2.279,444.96,0
2024-01-01 00:07:40,2997.7,2.696,450.0,0
2024-01-01 00:58:10,2998.93,2.433,446.08,0
2024-01-01 00:32:30,3001.93,2.632,443.38,0
2024-01-01 00:17:00,2998.29,3.127,441.3,0
2024-01-01 02:29:50,2995.92,2.411,452.87,0
2024-01-01 02:04:10,2996.37,2.572,447.03,0
2024-01-01 02:28:50,3005.85,2.467,452.15,0
2024-01-01 00:43:50,2994.88,2.224,439.29,0
2024-01-01 01:13:50,2999.55,2.111,456.9,0
2024-01-01 02:12:00,3001.36,2.452,445.87,0
2024-01-01 00:50:40,2999.9,2.661,469.96,0
2024-01-01 00:56:50,3001.22,2.501,454.21,0
2024-01-01 02:36:00,2994.89,2.576,443.96,0
2024-01-01 00:52:10,3004.07,2.667,454.98,0
2024-01-01 00:24:50,3001.48,2.246,433.57,0
2024-01-01 00:20:40,3002.93,2.99,450.22,0
2024-01-01 02:21:00,3001.45,2.88,444.11,0
2024-01-01 02:27:30,3009.23,2.584,445.0,0
2024-01-01 00:08:20,3001.62,2.312,458.25,0
2024-01-01 00:58:50,2999.2,2.728,436.34,0
2024-01-01 02:46:20,2997.14,2.451,453.34,0
2024-01-01 00:23:40,2991.96,2.455,451.73,0
2024-01-01 01:18:20,2998.62,2.859,460.73,0
2024-01-01 01:06:30,3006.19,2.303,450.69,0
2024-01-01 02:34:50,2999.67,3.088,459.85,0
2024-01-01 00:53:20,3000.48,2.517,454.4,0
2024-01-01 00:03:10,2992.94,2.627,437.61,0
2024-01-01 02:31:10,3003.73,2.162,438.7,0
2024-01-01 02:21:40,2996.88,2.306,444.52,0
2024-01-01 02:29:00,3006.91,2.473,455.08,0
2024-01-01 01:07:50,2999.29,2.95,458.3,0
2024-01-01 01:29:30,2998.08,2.34,459.18,0
2024-01-01 01:55:30,3003.08,2.096,448.66,0
2024-01-01 00:06:20,2993.36,2.567,449.74,0
2024-01-01 00:29:10,3004.14,2.416,470.9,0
2024-01-01 00:40:50,2998.33,2.133,451.04,0
2024-01-01 02:28:40,3005.33,2.369,457.68,0
2024-01-01 02:00:10,2991.45,2.422,444.94,0
2024-01-01 02:37:10,2999.5,2.397,448.09,0
2024-01-01 02:34:00,3005.98,3.122,450.92,0
2024-01-01 00:25:40,3001.47,2.993,437.4,0
2024-01-01 01:46:20,2993.55,3.119,439.67,0
2024-01-01 00:47:50,3002.94,2.652,447.48,0
2024-01-01 01:44:10,2997.44,2.824,441.39,0
2024-01-01 02:03:30,2993.6,2.449,454.63,0
2024-01-01 01:34:50,2998.24,2.341,447.65,0
2024-01-01 02:13:30,2997.42,2.482,476.93,0
2024-01-01 00:02:50,3001.57,2.355,429.96,0
2024-01-01 00:21:10,2997.17,2.274,461.14,0
2024-01-01 00:53:40,2995.91,2.479,454.58,0
2024-01-01 00:42:30,2997.58,2.137,453.64,0
2024-01-01 02:11:40,3002.15,1.937,455.95,0
2024-01-01 02:52:10,2716.39,2.165,464.95,1
2024-01-01 00:31:40,2997.77,2.532,434.02,0
2024-01-01 00:19:10,3001.51,2.609,444.87,0
2024-01-01 01:50:50,3000.53,2.493,436.33,0
2024-01-01 01:41:00,2996.13,2.537,443.95,0
2024-01-01 00:30:00,3003.13,2.554,448.1,0
2024-01-01 00:50:10,2997.2,2.798,440.02,0
2024-01-01 02:18:10,2998.59,2.506,446.33,0
2024-01-01 02:30:00,3001.84,2.709,449.54,0
2024-01-01 02:10:00,3000.89,2.078,458.75,0
2024-01-01 02:03:10,3005.07,3.013,458.54,0
2024-01-01 01:59:10,3005.52,2.473,429.0,0
2024-01-01 01:26:10,2995.11,2.689,427.81,0
2024-01-01 01:02:00,3007.26,2.088,451.6,0
2024-01-01 00:07:30,2996.4,2.765,461.21,0
2024-01-01 02:42:50,2987.88,2.784,441.54,0
2024-01-01 00:26:10,3002.37,3.176,446.82,0
2024-01-01 02:13:40,3000.48,2.287,453.5,0
2024-01-01 00:28:30,2995.92,2.584,449.24,0
2024-01-01 00:02:40,2994.94,2.305,447.35,0
2024-01-01 01:25:10,2999.75,2.442,455.47,0
2024-01-01 00:08:00,3001.72,2.943,446.72,0
2024-01-01 00:31:50,3004.28,2.1,454.62,0
2024-01-01 02:30:50,3000.23,2.634,457.51,0
2024-01-01 01:25:50,3003.78,2.463,453.28,0
2024-01-01 02:02:20,3005.15,2.74,469.87,0
2024-01-01 02:03:20,2990.8,2.469,454.15,0
2024-01-01 01:20:00,2999.36,2.717,443.94,0
2024-01-01 00:47:10,2993.81,2.787,440.19,0
2024-01-01 02:09:00,3003.11,2.277,445.09,0
2024-01-01 01:57:40,2993.6,2.702,451.45,0
2024-01-01 00:37:30,3005.44,2.461,463.21,0
2024-01-01 00:04:20,2994.25,2.511,468.01,0
2024-01-01 02:20:20,2994.39,2.335,464.77,0
2024-01-01 01:12:50,2993.1,2.982,458.26,0
2024-01-01 02:50:20,2997.94,2.561,267.95,1
2024-01-01 01:00:40,3003.45,2.859,443.71,0
2024-01-01 00:38:10,3003.4,3.163,460.08,0
2024-01-01 00:06:10,2990.2,2.061,444.91,0
2024-01-01 01:51:30,3005.46,2.664,456.26,0
2024-01-01 02:52:20,3000.29,2.444,299.86,1
2024-01-01 01:02:20,3010.77,2.941,461.17,0
2024-01-01 01:18:10,2997.12,2.633,447.91,0
2024-01-01 02:52:30,3002.23,2.593,281.74,1
2024-01-01 01:54:30,2998.13,2.56,434.64,0
2024-01-01 02:32:40,3003.04,2.264,448.24,0
2024-01-01 02:06:20,2995.71,2.984,438.69,0
2024-01-01 02:10:30,3003.05,2.728,439.58,0
2024-01-01 00:32:20,3000.87,2.022,451.9,0
2024-01-01 02:33:20,3005.37,1.906,442.81,0
2024-01-01 02:35:00,2997.22,2.131,458.69,0
2024-01-01 01:23:50,3002.81,2.499,443.88,0
2024-01-01 02:52:40,2998.29,15.948,459.52,1
2024-01-01 02:29:10,3003.24,2.389,489.26,0
2024-01-01 01:36:30,3005.72,2.257,467.59,0
2024-01-01 00:26:40,2995.13,1.75,438.89,0
2024-01-01 01:53:20,3003.61,2.621,456.79,0
2024-01-01 00:27:00,3005.79,2.083,454.98,0
2024-01-01 01:57:30,3003.03,2.428,460.45,0
2024-01-01 02:06:00,3002.47,2.459,451.95,0
2024-01-01 00:25:20,2996.6,2.308,450.21,0
2024-01-01 02:13:20,3004.69,3.07,451.84,0
2024-01-01 02:05:40,2995.25,2.653,449.26,0
2024-01-01 02:15:40,3005.16,2.419,468.33,0
2024-01-01 00:18:30,2999.87,2.565,448.37,0
2024-01-01 00:37:40,3000.32,2.513,464.2,0
2024-01-01 02:27:10,3005.22,2.322,454.58,0
2024-01-01 00:17:10,2995.99,2.458,461.25,0
2024-01-01 01:10:10,3008.78,2.822,461.7,0
2024-01-01 01:09:50,3000.34,2.652,436.74,0
2024-01-01 02:14:40,3006.28,2.026,459.15,0
2024-01-01 01:37:40,2997.7,2.553,436.81,0
2024-01-01 02:48:30,2645.0,2.4,447.17,1
2024-01-01 01:52:00,2998.29,2.382,452.6,0
2024-01-01 00:19:50,3003.76,2.815,448.09,0
2024-01-01 00:08:50,3003.06,2.578,446.96,0
2024-01-01 00:25:10,3001.73,1.854,466.61,0
2024-01-01 01:07:10,3000.23,2.716,447.28,0
2024-01-01 02:49:20,2992.4,3.026,282.14,1
2024-01-01 00:34:30,3002.57,2.301,453.56,0
2024-01-01 01:49:40,3000.99,2.198,451.72,0
2024-01-01 02:31:30,3010.82,2.543,462.57,0
2024-01-01 02:43:00,2992.08,2.268,455.43,0
2024-01-01 00:01:20,2997.65,2.815,456.59,0
2024-01-01 02:24:50,3010.05,2.377,462.29,0
2024-01-01 00:06:00,3001.04,2.132,453.92,0
2024-01-01 01:15:20,2995.07,2.572,449.33,0
2024-01-01 01:48:30,3005.63,2.598,465.19,0
2024-01-01 00:42:10,3005.16,2.612,449.88,0
2024-01-01 00:50:30,3003.05,2.273,452.5,0
2024-01-01 02:31:40,2998.46,3.02,444.65,0
2024-01-01 01:35:10,3008.38,2.124,435.51,0
2024-01-01 01:43:50,3006.73,2.3,464.1,0
2024-01-01 02:07:20,3005.75,2.426,452.53,0
2024-01-01 02:45:20,2998.76,2.857,450.72,0
2024-01-01 00:43:40,2983.79,2.662,462.36,0
2024-01-01 01:41:40,3003.27,2.412,456.52,0
2024-01-01 00:49:30,3001.54,2.413,464.02,0
2024-01-01 01:09:00,3001.66,2.307,460.18,0
2024-01-01 00:25:00,3001.25,2.203,448.24,0
2024-01-01 02:21:20,2996.81,2.791,443.92,0
2024-01-01 01:46:40,2998.32,2.507,468.09,0
2024-01-01 02:39:20,3001.71,1.859,459.32,0
2024-01-01 01:31:40,3000.43,2.47,434.14,0
2024-01-01 02:21:50,2997.22,3.033,458.33,0
2024-01-01 01:21:20,3008.44,2.042,450.25,0
2024-01-01 01:58:20,3001.06,2.832,441.82,0
2024-01-01 00:24:30,2993.4,2.068,441.72,0
2024-01-01 00:24:20,2993.82,2.171,433.99,0
2024-01-01 02:09:30,2998.76,2.489,447.59,0
2024-01-01 02:47:00,2532.68,2.413,466.49,1
2024-01-01 02:22:10,3005.95,2.776,452.21,0
2024-01-01 02:38:20,2998.79,1.968,462.06,0
2024-01-01 01:49:50,2999.28,2.842,455.53,0
2024-01-01 00:58:00,2996.41,2.09,456.93,0
2024-01-01 01:17:10,3001.07,2.245,437.62,0
2024-01-01 00:54:10,2993.93,1.907,456.69,0
2024-01-01 00:31:00,3002.37,2.205,435.76,0
2024-01-01 00:20:30,2992.99,2.157,447.37,0
2024-01-01 02:33:10,3000.97,2.358,462.96,0
2024-01-01 01:41:20,2991.11,2.597,458.97,0
2024-01-01 00:23:50,3000.92,2.538,452.44,0
2024-01-01 02:05:10,2993.24,2.703,465.73,0
2024-01-01 02:51:30,3000.17,22.073,445.89,1
2024-01-01 00:32:50,3000.77,2.666,450.19,0
2024-01-01 01:41:30,3007.48,2.424,462.75,0
2024-01-01 00:46:30,2998.07,2.407,454.63,0
2024-01-01 00:48:50,3004.25,2.752,441.92,0
2024-01-01 02:29:20,2999.16,2.422,429.16,0
2024-01-01 01:06:40,2992.03,2.186,442.78,0
2024-01-01 00:20:20,3007.01,2.692,449.81,0
2024-01-01 00:30:30,3002.41,2.029,463.73,0
2024-01-01 00:33:40,3005.42,2.537,457.2,0
2024-01-01 01:13:00,2991.48,2.647,445.63,0
2024-01-01 00:41:00,2997.63,2.51,441.01,0
2024-01-01 01:09:10,2996.26,2.778,452.71,0
2024-01-01 02:19:20,3007.75,2.157,469.04,0
2024-01-01 02:17:20,2997.77,2.551,449.48,0
2024-01-01 02:42:20,2997.77,2.494,459.11,0
2024-01-01 02:17:50,2997.39,2.923,449.38,0
2024-01-01 02:39:00,2999.59,2.321,440.51,0
2024-01-01 00:21:30,2997.48,2.599,457.18,0
2024-01-01 01:46:10,3000.37,2.627,459.41,0
2024-01-01 01:07:00,3000.03,2.856,444.53,0
2024-01-01 02:20:40,3000.83,2.548,452.17,0
2024-01-01 02:18:20,2993.28,2.712,432.96,0
2024-01-01 02:02:30,3002.36,2.015,444.69,0
2024-01-01 02:43:30,3002.13,2.086,462.72,0
2024-01-01 00:36:30,3000.41,3.144,447.53,0
2024-01-01 01:46:50,3008.35,2.924,447.82,0
2024-01-01 02:43:50,2999.76,2.759,452.89,0
2024-01-01 02:15:00,2999.07,2.355,448.83,0
2024-01-01 02:24:30,3001.67,2.838,441.13,0
2024-01-01 02:44:40,2998.9,2.308,438.7,0
2024-01-01 01:44:00,3007.97,3.062,454.1,0
2024-01-01 02:30:30,3006.39,2.611,453.3,0
2024-01-01 02:16:30,3005.33,2.204,430.72,0
2024-01-01 01:04:20,3001.71,2.891,447.7,0
2024-01-01 02:53:00,2995.19,1.915,675.78,1
2024-01-01 02:14:20,3001.11,2.58,449.19,0
2024-01-01 01:24:50,2995.85,2.943,436.78,0
2024-01-01 00:44:30,2992.85,2.229,453.2,0
2024-01-01 02:26:50,2997.35,2.985,428.79,0
2024-01-01 01:13:30,2999.84,2.852,463.81,0
2024-01-01 01:22:40,2994.81,3.118,447.21,0
2024-01-01 00:18:40,3000.3,2.761,450.41,0
2024-01-01 01:55:10,3005.8,2.358,447.56,0
2024-01-01 00:38:40,3000.23,2.474,430.3,0
2024-01-01 02:35:50,2997.49,2.049,464.73,0
2024-01-01 01:41:10,2993.78,2.987,427.94,0
2024-01-01 01:51:50,2989.63,2.39,455.82,0
2024-01-01 01:02:10,3004.8,2.016,455.02,0
2024-01-01 01:50:30,2997.28,2.318,440.52,0
2024-01-01 02:31:20,3003.23,2.142,445.5,0
2024-01-01 00:38:50,2996.74,3.274,458.93,0
2024-01-01 02:49:00,2997.08,2.046,274.33,1
2024-01-01 02:20:50,3002.46,2.192,439.03,0
2024-01-01 01:52:40,2994.45,2.865,453.5,0
2024-01-01 00:52:50,2998.45,2.408,443.83,0
2024-01-01 01:48:00,2998.85,2.856,450.16,0
2024-01-01 01:08:20,3003.56,2.898,458.19,0
2024-01-01 02:40:50,3007.2,2.527,447.41,0
2024-01-01 01:58:10,3008.48,2.208,465.63,0
2024-01-01 00:59:40,3001.61,2.056,432.24,0
2024-01-01 00:43:00,3002.22,2.288,423.96,0
2024-01-01 02:04:00,3002.59,2.222,424.7,0
2024-01-01 01:44:30,2999.37,2.884,456.98,0
2024-01-01 01:45:20,2999.21,2.307,451.97,0
2024-01-01 00:47:00,3007.93,2.712,461.94,0
2024-01-01 01:02:40,3004.36,2.299,446.4,0
2024-01-01 01:04:00,2996.2,2.723,450.33,0
2024-01-01 00:37:20,2997.64,2.444,443.51,0
2024-01-01 02:51:00,3000.95,2.733,600.49,1
2024-01-01 02:26:00,2997.41,2.331,440.63,0
2024-01-01 01:18:40,2992.42,2.46,442.14,0
2024-01-01 00:57:50,2992.96,2.78,441.37,0
2024-01-01 01:24:10,2997.56,2.364,441.75,0
2024-01-01 01:46:30,2993.52,2.18,453.98,0
2024-01-01 02:54:10,2989.75,2.884,279.6,1
2024-01-01 02:12:50,3003.41,2.261,432.14,0
2024-01-01 02:46:30,3002.86,2.277,448.45,0
2024-01-01 02:42:10,2996.74,2.558,469.87,0
2024-01-01 01:43:10,3001.12,2.845,464.56,0
2024-01-01 02:38:40,2993.74,2.228,454.67,0
2024-01-01 02:24:00,2996.94,2.891,454.09,0
2024-01-01 01:47:30,2998.64,2.628,442.15,0
2024-01-01 02:32:00,3001.25,2.691,442.69,0
2024-01-01 01:32:40,2997.56,2.774,423.64,0
2024-01-01 01:53:30,2994.35,2.493,446.98,0
2024-01-01 01:36:10,3003.85,2.849,459.97,0
2024-01-01 02:12:30,3005.27,2.274,441.52,0
2024-01-01 00:14:10,2997.49,2.629,437.79,0
2024-01-01 00:40:20,3002.52,2.325,469.76,0
2024-01-01 01:56:20,3004.62,2.654,456.22,0
2024-01-01 02:36:40,2993.6,2.592,459.97,0
2024-01-01 00:26:30,3003.28,2.403,455.58,0
2024-01-01 01:27:20,2996.18,2.388,459.22,0
2024-01-01 00:05:50,2993.9,2.972,477.6,0
2024-01-01 01:30:00,3004.18,2.492,442.9,0
2024-01-01 00:28:20,2995.55,2.728,459.87,0
2024-01-01 01:49:00,3012.87,2.602,443.42,0
2024-01-01 02:41:40,3000.64,2.678,430.88,0
2024-01-01 02:33:50,2996.5,2.572,449.36,0
2024-01-01 02:32:10,3007.89,2.65,457.58,0
2024-01-01 02:49:10,3005.19,0.152,452.51,1
2024-01-01 02:02:10,2991.49,2.409,441.2,0
2024-01-01 00:15:50,2992.68,2.476,449.24,0
2024-01-01 01:33:50,2998.37,2.765,452.55,0
2024-01-01 00:40:00,2996.04,2.386,451.06,0
2024-01-01 02:03:40,2996.88,2.521,450.44,0
2024-01-01 02:23:50,3008.98,1.975,456.81,0
2024-01-01 01:35:40,3004.15,2.64,476.21,0
2024-01-01 01:55:00,2998.2,2.676,439.83,0
2024-01-01 01:16:40,3009.82,2.458,450.76,0
2024-01-01 01:32:10,3001.27,2.252,453.9,0
2024-01-01 02:22:50,3002.36,2.425,447.69,0
2024-01-01 02:37:20,3009.23,2.686,453.24,0
2024-01-01 00:34:20,3002.58,2.289,464.84,0
2024-01-01 01:05:20,2993.4,3.104,435.03,0
2024-01-01 02:12:20,2994.59,2.564,449.69,0
2024-01-01 02:25:00,2999.12,2.168,443.63,0
2024-01-01 01:06:10,3006.77,2.209,439.96,0
2024-01-01 02:07:40,2999.83,3.151,449.66,0
2024-01-01 02:32:20,2999.52,1.96,456.86,0
2024-01-01 00:36:10,2998.82,2.584,449.34,0
2024-01-01 00:00:40,2998.83,2.709,431.06,0
2024-01-01 02:08:00,2996.87,2.537,444.84,0
2024-01-01 01:47:00,2998.7,2.476,441.52,0
2024-01-01 02:40:40,2999.55,2.667,462.23,0
2024-01-01 01:42:00,3001.4,2.765,447.99,0
2024-01-01 02:03:00,3008.33,2.785,465.54,0
2024-01-01 01:31:00,3002.89,2.2,436.22,0
2024-01-01 02:00:50,2999.08,2.826,450.04,0
2024-01-01 02:44:10,2994.21,2.654,440.4,0
2024-01-01 01:53:50,3002.45,2.597,457.32,0
2024-01-01 00:16:20,3000.03,2.775,434.46,0
2024-01-01 02:14:00,2997.83,1.959,449.05,0
2024-01-01 02:01:10,3001.74,2.742,463.41,0
2024-01-01 01:35:30,2998.9,2.093,449.5,0
2024-01-01 01:07:40,2994.66,2.073,437.0,0
2024-01-01 01:23:40,2993.01,2.255,446.69,0
2024-01-01 00:07:50,3005.29,2.027,449.91,0
2024-01-01 00:05:20,2999.93,2.62,454.76,0
2024-01-01 02:09:50,3003.1,2.292,454.79,0
2024-01-01 02:19:50,2998.93,2.438,448.41,0
2024-01-01 00:33:20,3001.79,2.538,468.04,0
2024-01-01 00:22:20,2995.4,2.427,446.46,0
2024-01-01 00:04:30,3001.88,2.536,462.39,0
2024-01-01 02:37:40,2992.37,2.613,450.85,0
2024-01-01 00:38:20,2996.35,2.333,443.15,0
2024-01-01 01:21:30,3004.41,2.879,430.8,0
2024-01-01 02:08:40,3003.16,2.313,448.23,0
2024-01-01 01:03:00,3010.95,2.318,445.87,0
2024-01-01 00:48:00,3001.4,2.169,444.02,0
2024-01-01 01:09:40,3005.9,2.959,453.91,0
2024-01-01 01:52:20,2992.96,2.985,439.91,0
2024-01-01 01:05:10,3002.46,2.297,440.7,0
2024-01-01 01:38:40,3002.39,2.631,449.57,0
2024-01-01 01:23:00,2995.62,2.807,457.9,0
2024-01-01 00:23:00,3004.07,2.679,437.61,0
2024-01-01 00:10:20,2994.47,2.845,453.9,0
2024-01-01 01:18:30,2988.49,2.317,473.64,0
2024-01-01 01:47:50,2999.73,2.796,435.94,0
2024-01-01 00:21:20,3000.5,2.481,457.15,0
2024-01-01 02:53:20,3003.05,20.432,458.47,1
2024-01-01 01:26:40,2991.65,2.866,451.75,0
2024-01-01 02:19:40,3004.92,2.49,472.19,0
2024-01-01 02:51:50,2996.71,16.883,449.62,1
2024-01-01 00:10:40,3004.06,2.391,452.65,0
2024-01-01 02:15:20,3007.23,2.984,467.39,0
2024-01-01 00:02:20,2991.38,3.021,458.29,0
2024-01-01 00:26:00,3009.33,2.294,446.25,0
2024-01-01 00:06:40,3003.69,3.005,443.05,0
2024-01-01 01:22:00,3000.39,2.331,445.07,0
2024-01-01 01:03:10,2995.96,3.048,452.6,0
2024-01-01 00:31:10,2999.64,2.433,447.33,0
2024-01-01 02:07:10,2999.52,2.019,443.68,0
2024-01-01 00:36:00,2996.14,2.298,445.63,0
2024-01-01 02:33:30,2994.87,2.724,457.45,0
2024-01-01 02:11:50,3001.04,2.535,444.43,0
2024-01-01 00:08:40,2996.62,2.648,443.42,0
2024-01-01 02:26:20,2999.92,1.995,452.92,0
2024-01-01 00:56:10,2998.39,2.409,450.5,0
2024-01-01 02:04:40,2996.94,2.557,453.86,0
2024-01-01 01:59:50,2999.72,2.369,451.24,0
2024-01-01 02:00:40,3000.85,2.219,469.63,0
2024-01-01 00:49:10,2996.54,2.47,455.23,0
2024-01-01 01:56:50,3005.25,2.647,460.91,0
2024-01-01 00:41:50,3004.59,2.75,465.11,0
2024-01-01 02:01:00,3000.09,2.339,460.11,0
2024-01-01 01:16:50,3000.18,2.133,457.43,0
2024-01-01 01:15:50,2996.04,1.972,464.87,0
2024-01-01 00:45:00,3007.21,2.827,453.48,0
2024-01-01 02:15:50,2992.57,2.233,458.14,0
2024-01-01 02:23:40,3007.74,2.738,438.98,0
2024-01-01 00:44:50,3000.65,2.871,449.18,0
2024-01-01 02:50:30,2789.87,2.99,446.42,1
2024-01-01 00:33:30,3002.8,2.371,448.09,0
2024-01-01 00:26:50,3003.94,3.187,452.47,0
2024-01-01 01:32:30,2997.94,2.61,455.35,0
2024-01-01 02:01:30,2996.11,3.051,445.15,0
2024-01-01 01:06:50,2997.0,2.661,451.77,0
2024-01-01 01:57:00,2996.48,2.69,470.12,0
2024-01-01 01:19:20,3002.88,2.464,447.69,0
2024-01-01 02:16:50,3007.05,2.523,458.45,0
2024-01-01 02:08:30,2997.19,3.009,442.53,0
2024-01-01 00:17:30,3002.02,2.188,466.43,0
2024-01-01 01:34:10,2997.96,2.416,445.92,0
2024-01-01 01:04:50,2997.12,2.274,460.35,0
2024-01-01 00:00:10,2999.31,2.777,448.55,0
2024-01-01 02:48:00,2733.27,2.139,454.51,1
2024-01-01 02:53:50,3001.12,2.626,653.28,1
2024-01-01 01:33:30,3010.38,2.276,450.86,0
2024-01-01 02:35:10,3009.41,2.649,445.44,0
2024-01-01 00:13:20,2998.9,2.395,450.01,0
2024-01-01 00:34:10,2995.31,2.512,454.72,0
2024-01-01 00:05:40,3004.11,2.355,460.6,0
2024-01-01 02:37:00,3003.25,2.581,456.4,0
2024-01-01 02:09:10,2992.15,2.104,447.15,0
2024-01-01 01:24:40,3000.24,2.527,436.49,0
2024-01-01 01:11:10,3003.43,2.169,449.38,0
2024-01-01 01:15:40,2997.35,2.67,456.82,0
2024-01-01 02:52:50,2694.37,2.866,439.79,1
2024-01-01 01:01:00,3001.12,2.492,444.64,0
2024-01-01 00:15:10,3004.84,2.489,453.0,0
2024-01-01 00:56:30,2997.18,2.551,443.4,0
2024-01-01 02:29:30,3000.73,2.98,467.25,0
2024-01-01 01:34:00,3006.01,2.721,441.05,0
2024-01-01 00:57:30,3001.16,2.055,460.97,0
2024-01-01 02:09:20,2996.36,2.316,447.44,0
2024-01-01 00:40:10,2999.43,2.439,455.84,0
2024-01-01 00:02:10,2990.43,2.293,440.6,0
2024-01-01 00:52:30,3000.11,2.106,454.22,0
2024-01-01 01:40:00,3003.78,2.445,431.23,0
2024-01-01 01:04:30,3009.38,2.968,440.76,0
2024-01-01 00:45:30,3000.05,2.405,450.34,0
2024-01-01 00:27:40,3004.11,2.915,441.89,0
2024-01-01 02:20:00,2999.75,2.461,452.96,0
2024-01-01 00:03:20,3007.33,2.657,450.6,0
2024-01-01 01:47:40,2986.52,2.444,446.29,0
2024-01-01 02:16:20,3000.41,2.437,453.94,0
2024-01-01 01:20:40,2996.22,2.567,444.5,0
2024-01-01 02:53:40,2997.07,17.984,449.01,1
2024-01-01 01:24:00,2996.75,2.449,439.15,0
2024-01-01 02:18:30,2995.41,2.57,440.76,0
2024-01-01 00:40:30,3004.33,2.196,434.36,0
2024-01-01 01:34:20,2989.81,2.52,440.04,0
2024-01-01 02:25:50,3008.97,2.919,440.9,0
2024-01-01 01:33:40,3004.36,1.773,440.75,0
2024-01-01 02:50:50,2998.06,22.079,457.4,1
2024-01-01 01:54:20,2998.8,2.361,454.69,0
2024-01-01 02:39:30,3002.28,3.441,447.63,0
2024-01-01 00:31:30,2992.43,2.209,455.89,0
2024-01-01 02:42:30,2990.55,2.383,451.06,0
2024-01-01 01:56:30,2999.08,2.554,463.29,0
2024-01-01 01:25:00,3001.35,2.157,454.82,0
2024-01-01 01:19:00,3008.22,2.265,453.04,0
2024-01-01 02:22:40,2995.84,2.918,442.82,0
2024-01-01 02:04:30,2996.22,2.65,438.49,0
2024-01-01 00:42:00,3010.61,1.902,435.49,0
2024-01-01 00:03:30,2998.87,2.328,452.77,0
2024-01-01 01:16:30,2994.01,2.702,454.72,0
2024-01-01 00:46:00,3001.0,3.196,456.79,0
2024-01-01 02:39:10,3005.59,2.912,467.47,0
2024-01-01 01:04:10,3000.75,2.59,442.42,0
2024-01-01 02:14:10,2998.45,2.025,432.24,0
2024-01-01 00:57:10,2997.47,2.857,444.74,0
2024-01-01 02:08:10,3009.06,2.665,448.04,0
2024-01-01 00:21:40,2992.25,2.596,454.38,0
2024-01-01 02:25:10,2996.01,2.436,454.58,0
2024-01-01 00:14:30,3001.64,2.572,448.52,0
2024-01-01 00:55:00,2999.94,2.959,447.06,0
2024-01-01 01:17:40,3003.07,3.001,442.37,0
2024-01-01 00:20:10,2995.45,2.856,457.85,0
2024-01-01 02:54:00,2526.91,2.241,454.32,1
2024-01-01 02:23:20,3001.01,2.46,444.69,0
